Symbol,Sales Growth Quarterly QoQ,Net Profit Growth Quarterly QoQ,Sales Growth Quarterly YoY,Net Profit Growth Quarterly YoY,Sales Growth Yearly,Net Profit Growth,Mar26 Promoter Holding,Mar26 FII Holding,Mar26 DII Holding,Mar26 Retail holding
RELIANCE,10.81%,-7.00%,12.87%,-8.10%,7.06%,2.74%,50,18.66,19.12,12.22
HDFCBANK,0.13%,1.85%,0.46%,9.28%,18.59%,12.21%,,44.04,37.54,18.42
SBIN,0.38%,-7.84%,3.34%,1.10%,11.78%,15.97%,55.52,11.41,24.24,8.83
ICICIBANK,2.54%,16.41%,2.49%,9.00%,16.81%,20.91%,,34.48,36.79,28.73
TCS,5.38%,28.58%,9.65%,12.13%,4.58%,1.35%,71.77,9.66,12.61,5.96
BAJFINANCE,1.85%,36.40%,18.10%,22.18%,26.76%,16.11%,54.7,21.33,13.59,10.38
LT,15.83%,64.98%,11.25%,3.00%,15.66%,13.60%,,18.75,40.03,41.22
HINDUNILVR,-0.55%,41.46%,7.64%,20.14%,1.98%,3.78%,61.9,10.1,15.57,12.43
INFY,2.03%,27.65%,13.38%,20.90%,9.61%,10.18%,14.38,28.45,40.38,16.79
ADANIPOWER,14.23%,71.67%,-0.10%,64.33%,11.62%,-38.79%,74.96,11.73,3.69,9.62
MARUTI,5.13%,-6.12%,28.21%,-7.23%,7.79%,7.50%,58.53,14.12,22.42,4.93
M&M,5.53%,3.30%,29.07%,51.72%,14.80%,14.70%,18.45,36.23,29.05,16.27
ADANIPORTS,10.64%,5.31%,26.50%,8.56%,14.09%,36.49%,68.02,13.24,13.04,5.7
TITAN,5.92%,-29.99%,80.48%,35.36%,18.35%,-4.55%,52.9,15.65,13.54,17.91
AXISBANK,1.37%,8.34%,5.30%,1.90%,12.96%,6.39%,8.14,42.05,40.47,9.34
KOTAKBANK,1.83%,10.15%,6.29%,10.03%,16.77%,22.08%,25.87,26.39,34.06,13.68
ULTRACEMCO,18.19%,73.10%,11.86%,20.75%,7.12%,-13.77%,59.33,13.61,18.42,8.64
ADANIENT,30.70%,-102.26%,20.30%,-103.14%,1.53%,128.04%,74.67,10.8,6.7,7.83
HCLTECH,0.32%,10.00%,12.35%,4.20%,6.50%,10.75%,60.86,15.5,17.79,5.85
BAJAJ-AUTO,10.05%,-16.47%,41.01%,7.49%,13.65%,-4.98%,55.01,8.82,13.61,22.56
BAJAJFINSV,-3.06%,19.46%,5.66%,9.86%,21.23%,12.58%,58.71,7.23,11.38,22.68
DMART,-2.30%,-23.30%,18.91%,19.18%,16.87%,6.78%,74.51,9,7.38,9.11
NESTLEIND,19.07%,9.43%,22.60%,25.76%,-17.19%,-18.44%,62.76,9.74,11.68,15.82
COALINDIA,33.12%,56.92%,5.75%,12.75%,-0.73%,-5.53%,63.13,8.38,21.97,6.52
HINDZINC,23.35%,28.52%,49.05%,67.60%,17.80%,33.43%,60.71,2.38,4.77,32.14
ETERNAL,5.99%,70.59%,196.45%,346.15%,67.10%,50.14%,,32.61,34.14,33.25
SHRIRAMFIN,2.82%,19.46%,9.25%,40.93%,19.65%,31.05%,25.38,45.13,21,8.49
ADANIGREEN,33.77%,540.82%,13.96%,47.95%,21.61%,58.81%,62.43,11.1,4.56,21.91
WIPRO,2.89%,11.99%,7.70%,-1.13%,3.97%,0.36%,72.62,8.32,7.44,11.62
SBILIFE,-8.47%,39.52%,16.02%,-1.09%,0.00%,27.43%,55.33,21.51,17.25,5.91
VBL,55.06%,236.14%,18.34%,20.59%,8.39%,16.24%,59.44,19.51,13.26,7.79
JIOFIN,13.05%,0.16%,106.49%,-13.56%,10.20%,0.50%,47.12,12.31,13.69,26.88
ADANIENSOL,10.60%,16.39%,16.76%,-2.54%,43.11%,-22.91%,72.73,12.23,10.24,4.8
ICICIAMC,0.15%,-16.76%,0.00%,0.00%,32.44%,29.32%,87.59,2.4,7.03,2.98
BSE,25.67%,35.63%,84.67%,64.33%,104.83%,71.34%,,19.42,24.88,55.7
TRENT,-5.93%,-13.86%,19.23%,37.25%,38.46%,3.85%,37.01,15.59,20.81,26.59
HYUNDAI,5.24%,1.72%,5.44%,-22.22%,-0.91%,-6.93%,82.5,5.43,9.66,2.41
PIDILITIND,-3.41%,-6.07%,14.08%,36.85%,6.12%,19.96%,69.32,11.75,8.98,9.95
ABB,-10.48%,-21.28%,-5.38%,-35.72%,8.32%,-10.95%,75,8.19,8.57,8.24
TECHM,4.74%,21.37%,12.64%,18.67%,1.91%,77.44%,34.97,18.59,35.5,10.94
CHOLAFIN,6.56%,27.51%,19.46%,30.57%,35.04%,24.90%,49.25,24.87,17.2,8.68
BHEL,45.29%,240.41%,36.88%,157.56%,18.61%,89.18%,58.17,7.23,22.44,12.16
CGPOWER,8.39%,27.33%,25.03%,31.81%,23.15%,11.69%,56.36,12.03,14.54,17.07
POLYCAB,16.09%,24.66%,26.89%,6.98%,24.22%,13.46%,61.5,18.21,7.95,12.34
TATACAP,2.32%,15.94%,14.87%,39.55%,55.78%,9.86%,85.41,4.88,3.34,6.37
BANKBARODA,2.72%,4.46%,5.16%,6.42%,8.08%,11.13%,63.97,9.69,17.09,9.25
HDFCLIFE,41.67%,18.96%,9.04%,4.66%,0.00%,15.04%,50.21,22.51,16.36,10.92
BRITANNIA,-5.05%,2.07%,6.47%,23.98%,7.00%,2.04%,50.55,15.63,18.48,15.34
GROWW,23.79%,25.46%,54.47%,-9.33%,49.53%,326.50%,27.38,2.51,5.92,64.19
JINDALSTEL,24.50%,444.02%,23.02%,457.15%,-0.52%,-52.12%,62.69,9.19,17.76,10.36
UNIONBANK,-0.53%,6.07%,-2.53%,6.65%,8.01%,30.73%,74.76,9.37,11.19,4.68
PNB,-0.28%,0.68%,0.84%,12.54%,13.70%,109.39%,70.08,6.39,15.75,7.78
HDFCAMC,-2.19%,-19.07%,16.66%,-2.47%,35.37%,26.64%,52.37,24.45,11.54,11.64
BAJAJHLDNG,-78.94%,69.73%,-58.32%,120.37%,-58.49%,-10.04%,51.46,9.62,7.67,31.25
INDIANB,2.26%,0.94%,10.27%,5.19%,11.48%,35.25%,73.84,5.82,17.75,2.59
TATACONSUM,6.29%,21.95%,17.91%,20.67%,15.87%,6.10%,33.83,20.79,21.82,23.56
VEDL,5.31%,15.74%,47.48%,67.59%,6.43%,172.38%,56.38,13.93,13.3,16.39
LUPIN,4.29%,24.41%,31.89%,87.72%,13.48%,70.82%,46.86,21.7,23.1,8.34
MARICO,-5.77%,-11.30%,22.09%,18.26%,12.20%,10.39%,58.93,24.08,12.28,4.71
MAZDOCK,6.92%,-24.41%,21.29%,117.89%,20.76%,25.90%,81.22,1.73,5.09,11.96
INDUSTOWER,-0.56%,0.96%,4.84%,0.78%,5.32%,64.54%,51.26,25.1,18.88,4.76
GODREJCP,-4.85%,-9.27%,10.99%,9.68%,1.90%,430.44%,53.05,13.94,15.03,17.98
HEROMOTOCO,3.94%,11.42%,30.18%,39.03%,8.30%,16.93%,34.73,31.14,24.77,9.36
AMBUJACEM,6.22%,411.57%,9.37%,37.44%,5.69%,8.95%,67.68,5.87,18.06,8.39
LLOYDSME,19.01%,38.12%,404.46%,646.75%,3.02%,16.65%,61.64,2.26,1.71,34.39
LODHA,0.88%,5.86%,11.58%,8.91%,33.57%,78.01%,72.27,21.24,4.61,1.88
ABCAPITAL,12.61%,12.79%,10.19%,42.88%,19.59%,-0.19%,68.51,7.02,13.51,10.96
BHARATFORG,4.26%,-15.36%,17.53%,-17.77%,-3.57%,0.34%,44.07,14.15,29.82,11.96
RECLTD,-3.02%,-16.71%,-5.02%,-21.69%,18.65%,12.29%,52.63,15.79,14.77,16.81
WAAREEENER,12.10%,1.76%,111.80%,74.76%,26.73%,51.30%,64.19,7.06,4.32,24.43
SHREECEM,27.09%,97.10%,10.29%,-8.25%,-5.49%,-53.10%,62.55,8.94,15.52,12.99
MEESHO,0.39%,66.10%,31.83%,-344.40%,23.31%,-1103.06%,16.57,4.17,5.55,73.71
ICICIGI,1.85%,-17.03%,10.81%,7.25%,0.00%,30.74%,51.29,22.29,17.14,9.28
DABUR,-14.63%,-34.47%,7.35%,16.08%,1.28%,-3.91%,66.25,9.98,17.28,6.49
SRF,24.31%,34.52%,7.00%,10.64%,11.83%,-6.36%,50.26,16.67,19.73,13.34
ICICIPRULI,62.42%,61.15%,17.17%,61.94%,0.00%,39.36%,72.8,10.89,10.87,5.44
OFSS,5.05%,38.07%,20.33%,30.72%,7.43%,7.22%,72.44,8.04,9.12,10.4
PERSISTENT,7.35%,20.44%,25.10%,33.73%,21.56%,28.05%,30.29,22.11,29.47,18.13
IDBI,10.22%,1.43%,11.75%,-4.08%,9.35%,31.68%,94.71,0.56,0.08,4.65
HAVELLS,20.00%,145.90%,2.47%,37.30%,17.15%,15.70%,59.38,16.93,16.52,7.17
AUBANK,6.17%,24.59%,17.53%,65.15%,52.19%,37.22%,22.76,37.27,30.87,9.1
SWIGGY,3.82%,24.91%,44.74%,25.95%,35.38%,-32.62%,,14.59,24.49,60.92
POLICYBZR,16.38%,41.42%,36.70%,57.20%,44.78%,448.30%,,39.92,32.55,27.53
PAYTM,3.19%,-19.03%,18.41%,133.58%,-30.92%,53.37%,,49.4,23.07,27.53
LTF,4.21%,9.64%,18.60%,27.26%,12.49%,12.84%,65.99,7.63,14.91,11.47
INDUSINDBK,-3.23%,364.39%,3.49%,125.51%,6.38%,-71.31%,15.82,28.57,40.38,15.23
NATIONALUM,5.96%,7.29%,-4.84%,-17.35%,27.67%,164.93%,51.28,22.27,10.75,15.7
FEDERALBNK,7.96%,23.96%,11.80%,25.71%,19.27%,6.98%,,26.05,49.48,24.47
BAJAJHFL,0.58%,0.65%,15.92%,14.06%,25.71%,24.93%,86.7,0.99,0.89,11.42
YESBANK,1.45%,13.14%,0.51%,45.36%,12.00%,90.37%,,46.42,21.75,31.83
NAM-INDIA,4.74%,-4.77%,30.39%,28.88%,35.75%,16.22%,71.93,7.35,14.77,5.95
ATGL,3.38%,0.11%,16.60%,5.20%,11.74%,-1.96%,74.8,12.75,6.26,6.19
IOB,3.87%,10.28%,11.19%,43.35%,16.94%,27.38%,92.44,0.43,4.28,2.85
SCHAEFFLER,-5.09%,-1.95%,18.91%,25.61%,17.66%,22.53%,74.13,4.25,16.32,5.3
LAURUSLABS,1.87%,11.38%,5.31%,20.54%,10.18%,110.69%,27.49,25.82,13.96,32.73
PHOENIXLTD,9.99%,31.94%,21.34%,40.17%,-4.13%,-1.87%,47.25,32.97,16.14,3.64
MAHABANK,5.60%,13.20%,15.22%,34.89%,21.73%,36.12%,73.6,5.55,13.89,6.96
BANKINDIA,2.74%,10.90%,5.92%,15.18%,16.76%,46.28%,73.38,7.26,13.73,5.63
JSL,7.79%,-3.31%,11.17%,28.70%,1.94%,-7.19%,62.05,20.87,7.15,9.93
OBEROIRLTY,17.23%,16.47%,52.14%,64.96%,17.58%,15.51%,67.7,15.42,14.13,2.75
BIOCON,8.23%,483.40%,2.25%,-56.77%,3.43%,10.14%,44.91,7.52,24.06,23.51
SBICARD,-3.76%,9.46%,5.57%,14.06%,6.51%,-20.41%,68.92,9.54,17.69,3.85
IDFCFIRSTB,1.30%,-30.92%,12.11%,11.85%,20.37%,-49.35%,,36.52,22.73,40.75
JSWINFRA,12.79%,16.12%,18.64%,-17.83%,18.95%,31.08%,83.62,6.89,2.38,7.11
COFORGE,6.26%,124.54%,30.05%,117.78%,33.76%,13.50%,,30.66,55.2,14.14
HDBFS,1.54%,16.57%,11.24%,41.38%,15.01%,-11.58%,74.12,3.01,12.21,10.66
COROMANDEL,-31.62%,-76.53%,20.35%,-80.73%,9.19%,25.24%,56.35,13.02,17.05,13.58
GODREJPROP,593.90%,167.76%,62.99%,34.73%,62.17%,85.96%,51.66,26.17,7.56,14.61
THERMAX,30.11%,19.14%,12.53%,19.31%,11.43%,-2.56%,61.98,11.25,15.49,11.28
MRF,-0.08%,1.51%,13.70%,37.56%,11.86%,-10.18%,27.77,17.98,11.57,42.68
APLAPOLLO,7.81%,14.29%,13.81%,20.89%,14.19%,3.36%,28.25,37.5,15.09,19.16
MOTILALOFS,26.73%,-138.70%,124.84%,-246.75%,17.37%,2.56%,67.54,7.03,5.61,19.82
KEI,17.66%,21.06%,19.27%,25.50%,19.89%,19.90%,35,27.27,25.83,11.9
M&MFIN,1.63%,14.46%,13.37%,109.94%,16.88%,16.36%,52.49,9.4,32.09,6.02
RADICO,-4.45%,12.94%,15.54%,93.27%,17.79%,31.82%,40.2,17.63,27.35,14.82
SUPREMEIND,31.29%,165.23%,16.54%,46.19%,3.08%,-10.17%,48.96,17.12,16.38,17.54
PIRAMALFIN,17.35%,36.17%,21.22%,1348.80%,22.96%,99.66%,46.16,14.63,18.8,20.41
TATACOMM,5.90%,-29.77%,9.41%,-66.01%,11.18%,43.31%,58.86,14.44,19.11,7.59
360ONE,-5.59%,-11.78%,27.31%,15.68%,31.46%,26.25%,6.24,63.33,12.86,17.57
KALYANKJIL,-0.66%,-1.63%,66.22%,118.28%,35.27%,19.77%,62.87,14.55,14.13,8.45
BALKRISIND,7.16%,-21.64%,6.56%,-18.75%,11.51%,12.47%,58.29,11.13,24.25,6.33
PETRONET,-15.42%,58.20%,-23.33%,25.29%,-3.31%,10.12%,50,27.13,12.79,10.08
MPHASIS,6.00%,15.25%,14.36%,14.53%,11.59%,9.43%,30.55,19.51,45.63,4.31
POONAWALLA,16.34%,69.61%,81.39%,308.78%,34.76%,-105.96%,63.93,10.21,11.13,14.73
LTTS,-2.24%,5.58%,8.34%,14.49%,10.60%,-3.28%,73.57,3.86,14.26,8.31
ASTERDM,-0.29%,140.52%,18.20%,69.66%,11.88%,64.50%,40.39,17.18,27.57,14.86
AJANTPHARM,3.40%,-2.58%,21.47%,18.40%,10.44%,12.77%,66.25,8.26,18.36,7.13
UBL,11.97%,25.53%,-0.42%,4.20%,9.76%,7.68%,70.83,4.94,17.83,6.4
TATAINVEST,-30.97%,-17.58%,143.34%,327.88%,-20.37%,-18.93%,73.38,2.62,0.54,23.46
NAVINFLUOR,5.08%,14.68%,33.78%,123.86%,13.77%,6.69%,27.11,23.78,27.61,21.5
SONACOMS,4.81%,24.44%,45.42%,14.16%,11.61%,15.82%,28.02,23.7,40.97,7.31
ESCORTS,-9.52%,-10.55%,21.40%,17.88%,4.49%,19.20%,68.04,5.71,11.66,14.59
ATHERENERG,23.18%,-18.48%,73.75%,57.23%,28.58%,23.35%,40.77,17.21,28.97,13.05
GRSE,11.79%,77.55%,29.06%,24.14%,41.28%,47.62%,74.5,3.51,1.69,20.3
BLUESTARCO,39.20%,175.15%,1.32%,14.98%,23.56%,42.71%,36.49,13.76,27.66,22.09
DALBHARAT,21.08%,208.59%,3.76%,-10.02%,-4.84%,-18.15%,55.84,7.15,20.24,16.77
UCOBANK,0.07%,8.34%,-1.31%,22.79%,14.70%,47.85%,90.95,0.08,4.29,4.68
CHOLAHLDNG,4.20%,17.22%,16.30%,19.34%,28.38%,23.33%,46.38,13.68,26.09,13.85
BANDHANBNK,-0.05%,159.81%,-0.10%,68.02%,16.32%,23.13%,38.98,22.07,22.33,16.62
CENTRALBK,6.92%,-41.62%,12.07%,-29.13%,9.56%,48.21%,89.27,0.75,4.81,5.17
HSCL,8.80%,8.07%,13.50%,33.49%,10.22%,35.17%,52.5,5.98,3.21,38.31
EMCURE,4.49%,5.35%,16.70%,23.58%,18.59%,34.10%,77.87,3.35,6.1,12.68
ABSLAMC,-4.15%,-30.58%,6.85%,-17.96%,24.50%,19.25%,74.82,5.75,11.55,7.88
EXIDEIND,12.73%,11.50%,9.22%,15.83%,2.79%,-9.32%,45.99,10.3,19.11,24.6
STARHEALTH,1.80%,-13.16%,13.92%,21731.37%,0.00%,-23.57%,57.98,15.06,20.31,6.65
CRISIL,-2.21%,-3.41%,30.06%,45.93%,11.94%,11.98%,66.64,7.18,12.6,13.58
ANANDRATHI,-0.62%,3.35%,29.67%,40.46%,22.33%,32.16%,43.11,5.78,9.1,42.01
ANGELONE,9.33%,19.16%,38.20%,83.51%,22.63%,4.14%,28.8,12.81,18.88,39.51
HEXT,-1.68%,20.58%,13.45%,7.49%,12.16%,16.55%,74.3,4.2,15.04,6.46
KARURVYSYA,3.92%,5.07%,15.41%,41.22%,17.84%,20.99%,2.07,19.25,39.25,39.43
MRPL,-4.13%,-91.74%,3.23%,-67.13%,4.73%,-98.44%,88.58,3.41,0.34,7.67
GODIGIT,6.52%,6.66%,2.41%,29.24%,0.00%,133.90%,73.01,8.01,14.62,4.36
PNBHOUSING,2.95%,26.03%,7.90%,19.15%,8.73%,28.39%,28.04,16.6,44.07,11.29
MSUMI,15.50%,11.95%,32.88%,1.44%,11.91%,-5.08%,61.73,9.74,17.41,11.12
LALPATHLAB,6.50%,44.64%,16.61%,-14.98%,10.54%,35.87%,53.21,17.18,21.23,8.38
FORCEMOT,19.79%,-32.06%,8.23%,-36.29%,15.44%,106.30%,61.63,10.93,1.75,25.69
TATAELXSI,4.22%,102.36%,9.40%,27.80%,4.98%,-0.92%,43.9,11.08,10.48,34.54
AWL,15.39%,2.85%,17.75%,52.55%,24.30%,581.65%,56.94,21.86,8.37,12.83
MANAPPURAM,11.08%,69.69%,10.71%,299.24%,13.10%,-45.22%,31.77,23.23,12.96,32.04
CDSL,-13.64%,-39.63%,17.09%,-18.64%,33.23%,25.45%,15,11.36,14.42,59.22
ACC,10.23%,-41.43%,16.87%,-68.52%,9.04%,2.88%,56.69,5.93,21.62,15.76
WOCKPHARMA,8.67%,168.85%,29.88%,464.44%,7.65%,87.92%,49.08,7.08,10.95,32.89
TATATECH,15.12%,31453.97%,22.29%,6.59%,1.00%,-0.36%,55.18,5.77,3.31,35.74
NETWEB,-3.88%,-3.71%,86.59%,65.67%,58.69%,50.82%,66.98,9.29,4.68,19.05
CESC,2.27%,50.99%,5.65%,18.91%,11.17%,-1.34%,52.11,11.59,26.24,10.06
CREDITACC,7.17%,34.69%,13.55%,619.23%,11.34%,-63.25%,66.24,12.94,12.59,8.23
PPLPHARMA,28.60%,84.70%,-0.08%,-116.32%,11.99%,411.39%,34.86,30.17,15.61,19.36
ACUTAAS,10.06%,26.42%,40.28%,114.09%,40.34%,229.35%,32.66,19.48,19.6,28.26
RRKABEL,16.89%,43.02%,33.65%,30.01%,15.52%,4.52%,61.65,9.1,13.33,15.92
AADHARHFC,4.44%,10.57%,18.25%,26.99%,20.13%,21.64%,64.9,6.13,9.15,19.82
HFCL,50.66%,82.90%,127.81%,325.29%,-8.97%,-48.67%,28.29,7.08,7.02,57.61
URBANCO,11.21%,-992.92%,47.80%,-167.22%,38.22%,358.45%,19.02,55.77,10.74,14.47
CRAFTSMAN,8.22%,8.68%,27.28%,74.49%,27.83%,-40.45%,48.7,15.19,27.64,8.47
RBLBANK,1.48%,7.23%,7.03%,180.97%,13.29%,-43.08%,,20.23,43.29,36.48
GALLANTT,12.22%,22.33%,12.37%,5.61%,1.55%,77.84%,70,0.09,0.08,29.83
ATUL,6.13%,28.93%,15.05%,62.70%,18.15%,53.90%,45.22,7.5,25.89,21.39
CAMS,1.30%,0.96%,10.96%,11.57%,25.16%,32.40%,,44.44,22.06,33.5
KPITTECH,5.78%,22.42%,11.95%,-26.93%,19.93%,40.28%,39.42,13.25,24.11,23.22
TATACHEM,-3.15%,-1927.36%,-2.02%,-2261.54%,-3.46%,-21.16%,37.98,11.9,22.83,27.29
IIFL,7.73%,24.32%,42.50%,147.96%,-0.38%,-70.71%,24.85,28.16,7.09,39.9
FSL,5.75%,70.56%,19.52%,27.72%,25.95%,15.49%,53.66,8.85,25.49,12
CUB,5.69%,8.25%,21.07%,24.86%,10.69%,10.62%,,23.37,40.73,35.9
CGCL,13.49%,10.72%,44.67%,59.12%,40.41%,71.27%,59.92,5.62,19.96,14.5
GRANULES,5.96%,34.19%,22.81%,32.59%,-0.55%,23.74%,38.02,15.31,17.01,29.66
EMMVEE,50.91%,48.83%,229.14%,295.54%,145.36%,1176.91%,80.03,2.45,12.28,5.24
BRIGADE,-7.46%,-8.08%,-0.19%,-24.01%,3.63%,69.68%,41.11,16.75,24.74,17.4
SYNGENE,13.02%,886.00%,1.82%,-19.31%,4.41%,-2.71%,52.68,13.91,26.44,6.97
CASTROLIND,7.31%,-1.02%,8.67%,3.74%,6.65%,2.45%,51,8.48,14.66,25.86
AARTIIND,-4.87%,3.01%,13.19%,42.71%,14.14%,-20.55%,42.09,7.38,20.11,30.42
KAJARIACER,17.56%,79.00%,12.40%,133.07%,3.60%,-21.46%,47.69,10.23,27.47,14.61
IFCI,3.20%,63.59%,13.74%,-86.92%,-5.56%,44.62%,72.57,2.65,1.64,23.14
ACMESOLAR,10.28%,21.63%,12.52%,13.29%,6.51%,-64.05%,83.29,3.6,7.05,6.06
VTL,-0.29%,16.77%,-0.42%,-20.57%,2.95%,39.27%,65.09,5.69,16.01,13.21
ABREL,1.77%,0.88%,-79.07%,13.61%,10.75%,-215.98%,50.21,9.04,16.38,24.37
CEMPRO,28.42%,118.39%,17.42%,113.63%,17.87%,36.16%,67.46,7.31,1.94,23.29
CHENNPETRO,5.23%,41.78%,-0.61%,211.07%,-10.59%,-92.20%,67.29,12.59,2.11,18.01
KFINTECH,-6.35%,-11.40%,22.86%,-4.10%,30.23%,35.19%,22.86,26.26,25.22,25.66
SCI,-6.11%,5.10%,14.19%,139.84%,11.08%,24.24%,63.75,8.98,2.49,24.78
J&KBANK,-1.25%,36.02%,1.87%,36.62%,11.84%,17.87%,59.4,8.35,6,26.25
CHOICEIN,1.10%,3.38%,21.23%,26.76%,21.27%,24.34%,53.65,11.41,0.35,34.59
SOBHA,110.77%,486.79%,60.23%,125.04%,30.41%,92.79%,52.88,6.23,26.1,14.79
NIVABUPA,35.66%,493.80%,29.10%,67.47%,0.00%,160.87%,55.36,10.6,16.45,17.59
CCL,16.55%,14.22%,46.49%,12.43%,17.03%,24.10%,46.11,11.24,21.43,21.22
ZENTEC,0.15%,-13.11%,-45.20%,-57.24%,121.36%,131.14%,48.51,5.99,10.06,35.44
USHAMART,6.78%,46.24%,9.28%,55.79%,7.72%,-4.20%,40.52,14.76,14.63,30.09
APTUS,3.75%,10.48%,18.66%,26.05%,28.22%,22.77%,23.87,30.34,29.43,16.36
THELEELA,5.90%,12.79%,14.06%,44.73%,11.02%,2340.62%,75.91,8.62,10.51,4.96
SPLPETRO,25.49%,457.35%,3.12%,57.21%,14.66%,12.71%,64.24,3.68,4.24,27.84
FIVESTAR,0.23%,-2.80%,8.60%,-3.53%,30.46%,28.30%,18.61,48.47,17.58,15.34
CANHLIFE,6.75%,25.61%,52.63%,18.45%,0.00%,-98.97%,62,5.67,29.79,2.54
CEATLTD,1.49%,58.16%,23.34%,155.67%,10.67%,-25.80%,47.29,16.54,20.9,15.27
JPPOWER,19.98%,-454.64%,3.39%,-108.59%,-19.23%,-20.39%,24,6.58,17.03,52.39
GRAVITA,15.31%,-5.83%,13.08%,-3.28%,22.40%,29.15%,55.88,13.94,5.14,25.04
INDGN,6.51%,-22.55%,32.80%,-32.23%,9.64%,20.79%,,10.27,8.29,81.44
INDIACEM,10.27%,2328.46%,2.60%,141.97%,-16.99%,46.05%,75,3.48,12.9,8.62
INDIAMART,0.67%,-69.00%,13.86%,-67.19%,16.01%,64.90%,49.12,19.17,13.54,18.17
ELECON,35.14%,-91.67%,-6.51%,-95.83%,14.94%,16.74%,59.27,7.13,5.67,27.93
HOMEFIRST,3.98%,6.59%,20.92%,42.75%,34.51%,24.97%,6.99,45.72,27.5,19.79
UTIAMC,-24.53%,-137.33%,3.82%,-150.44%,6.57%,1.36%,,7.11,60.07,32.82
VIJAYA,6.91%,11.00%,26.63%,37.49%,24.39%,20.19%,52.51,13.38,29.93,4.18
PCBL,11.94%,1891.09%,-1.03%,-59.86%,30.91%,-11.49%,53.38,5.56,10.99,30.07
ZENSARTECH,1.38%,5.41%,6.73%,19.39%,7.73%,-2.29%,49,10.51,23.66,16.83
IEX,19.65%,9.08%,22.53%,11.06%,19.62%,22.35%,,14.16,30.26,55.58
NUVOCO,22.41%,185.21%,8.69%,-14.94%,-3.51%,-85.18%,72.02,4.88,18.35,4.75
CANFINHOME,0.08%,30.55%,7.52%,47.77%,10.08%,14.18%,29.99,13.37,24.61,32.03
MGL,-0.40%,-34.99%,4.95%,-45.83%,15.48%,-19.01%,32.5,24.13,21.01,22.36
HEG,-8.09%,-202.64%,12.42%,-149.78%,-9.82%,-63.09%,56.28,10.23,8.62,24.87
AAVAS,6.00%,6.84%,12.33%,18.21%,16.70%,17.00%,48.88,16.74,22.13,12.25
INTELLECT,15.81%,340.67%,16.68%,-14.85%,-0.26%,3.63%,29.73,25.57,7.1,37.6
RKFORGE,10.77%,315.29%,28.46%,-69.45%,2.00%,-2.89%,43.33,21.75,4.45,30.47
RAILTEL,82.70%,127.16%,27.56%,24.94%,35.43%,21.77%,72.84,3.72,0.99,22.45
SBFC,6.69%,4.01%,25.92%,30.05%,28.14%,45.63%,52.35,6.21,21.97,19.47
BSOFT,0.08%,46.74%,2.41%,44.09%,1.84%,-17.15%,40.39,13.64,23.35,22.62
CYIENT,4.24%,-32.46%,0.93%,-64.74%,2.98%,-7.75%,23.28,15.33,40.97,20.42
TARIL,6.23%,20.30%,15.70%,-2.97%,56.23%,360.45%,64.36,8.33,1.77,25.54
CARTRADE,-3.11%,15.17%,19.84%,53.65%,30.85%,76.45%,,60.15,12.07,27.78
TEJASNET,8.44%,-7.52%,-82.55%,-194.35%,261.13%,609.00%,53.4,5.29,4.32,36.99
TTML,0.42%,486.18%,-4.13%,289.59%,9.77%,-3.82%,74.36,2.6,0.17,22.87
SONATSOFTW,-17.67%,25.05%,-3.10%,21.36%,17.93%,37.66%,28.17,8.74,25.54,37.55
NEWGEN,13.09%,69.21%,5.30%,-1.88%,19.54%,25.29%,53.52,14.48,8.85,23.15
SAPPHIRE,-2.66%,-162.37%,11.37%,-724.75%,11.09%,-67.85%,26.07,28.98,37.49,7.46
